Metric,Value
Accuracy,0.5751836103594897
Precision,0.6
Recall,0.005449591280653951
F1,0.010801080108010801
ROC_AUC,0.6572136183550253
PR_AUC,0.5678045513720279
