Metric,Value
Accuracy,0.698299188248937
Precision,0.8567454798331016
Recall,0.47622729029764205
F1,0.6121739130434782
ROC_AUC,0.7213936830535479
PR_AUC,0.7940963118674785
